{"cameraMode":{"drawMode":0,"name":"Shaded","section":"Shading Mode"},"sceneLighting":true,"audioPlay":false,"sceneViewState":{"showFog":true,"showMaterialUpdate":false,"showSkybox":true,"showFlares":true,"showImageEffects":true,"showParticleSystems":true},"in2DMode":false,"pivot":{"x":33.78778839111328,"y":15.496747970581055,"z":-99.44999694824219},"rotation":{"x":-0.02307598665356636,"y":0.9760538339614868,"z":-0.1298939436674118,"w":-0.17308679223060609},"size":27.527559280395509,"orthographic":false}